block,id,count,val,x1,y1,x,y,form,text
intro,opto,1,1,1808,949,0.44140625,0.4633789063,text,optometrist
intro,opto,1,1,1808,949,0.44140625,0.4633789063,poly,
intro,opto,1,1,1952,953,0.4765625,0.4653320313,poly,
intro,opto,1,1,1952,971,0.4765625,0.4741210938,poly,
intro,opto,1,1,1808,973,0.44140625,0.4750976563,poly,
intro,opto,1,1,1808,949,0.44140625,0.4633789063,poly,
intro,street,1,1,1591,966,0.3884277344,0.4716796875,text,51st
intro,street,1,1,1591,966,0.3884277344,0.4716796875,poly,
intro,street,1,1,1622,966,0.3959960938,0.4716796875,poly,
intro,street,1,1,1622,979,0.3959960938,0.4780273438,poly,
intro,street,1,1,1591,979,0.3884277344,0.4780273438,poly,
intro,street,1,1,1591,966,0.3884277344,0.4716796875,poly,
intro,one,1,1,1558,1012,0.3803710938,0.494140625,text,one way
intro,one,1,1,1558,984,0.3803710938,0.48046875,poly,
intro,one,1,1,1608,984,0.392578125,0.48046875,poly,
intro,one,1,1,1608,999,0.392578125,0.4877929688,poly,
intro,one,1,1,1558,999,0.3803710938,0.4877929688,poly,
intro,one,1,1,1558,984,0.3803710938,0.48046875,poly,
intro,abduct,2,1,1867,1064,0.4558105469,0.51953125,text,abduction
intro,abduct,2,1,1867,1064,0.4558105469,0.51953125,poly,
intro,abduct,2,1,1927,1064,0.4704589844,0.51953125,poly,
intro,abduct,2,1,1927,1082,0.4704589844,0.5283203125,poly,
intro,abduct,2,1,1867,1082,0.4558105469,0.5283203125,poly,
intro,abduct,2,1,1867,1064,0.4558105469,0.51953125,poly,
intro,furniture,3,1,1118,912,0.2729492188,0.4453125,text,furniture
intro,furniture,3,1,1118,912,0.2729492188,0.4453125,poly,
intro,furniture,3,1,1179,912,0.2878417969,0.4453125,poly,
intro,furniture,3,1,1179,944,0.2878417969,0.4609375,poly,
intro,furniture,3,1,1118,944,0.2729492188,0.4609375,poly,
intro,furniture,3,1,1118,912,0.2729492188,0.4453125,poly,
intro,warehouse,4,1,1241,935,0.3029785156,0.4565429688,text,warehouse
intro,warehouse,4,1,1241,935,0.3029785156,0.4565429688,poly,
intro,warehouse,4,1,1278,935,0.3120117188,0.4565429688,poly,
intro,warehouse,4,1,1278,961,0.3120117188,0.4692382813,poly,
intro,warehouse,4,1,1241,961,0.3029785156,0.4692382813,poly,
intro,warehouse,4,1,1241,935,0.3029785156,0.4565429688,poly,
intro,optima,5,1,1023,903,0.2497558594,0.4409179688,text,optima
intro,optima,5,1,1023,903,0.2497558594,0.4409179688,poly,
intro,optima,5,1,1064,903,0.259765625,0.4409179688,poly,
intro,optima,5,1,1064,931,0.259765625,0.4545898438,poly,
intro,optima,5,1,1023,931,0.2497558594,0.4545898438,poly,
intro,optima,5,1,1023,903,0.2497558594,0.4409179688,poly,
intro,carn,1,2,156,898,0.0380859375,0.4384765625,poly,
intro,carn,1,2,176,898,0.04296875,0.4384765625,poly,
intro,carn,1,2,176,974,0.04296875,0.4755859375,poly,
intro,carn,1,2,156,973,0.0380859375,0.4750976563,poly,
intro,carn,1,2,156,898,0.0380859375,0.4384765625,poly,
intro,carn,1,2,156,898,0.0380859375,0.4384765625,text,carniceria hispana
intro,say,1,3,817,1225,0.1994628906,0.5981445313,text,"If you see something, say something"
intro,say,1,3,817,1204,0.1994628906,0.587890625,poly,
intro,say,1,3,880,1197,0.21484375,0.5844726563,poly,
intro,say,1,3,880,1206,0.21484375,0.5888671875,poly,
intro,say,1,3,817,1216,0.1994628906,0.59375,poly,
intro,say,1,3,817,1204,0.1994628906,0.587890625,poly,
intro2,hardware,1,0,3565,966,0.8703613281,0.4716796875,text,hardware
intro2,hardware,1,0,3565,966,0.8703613281,0.4716796875,poly,
intro2,hardware,1,0,3633,966,0.8869628906,0.4716796875,poly,
intro2,hardware,1,0,3633,986,0.8869628906,0.4814453125,poly,
intro2,hardware,1,0,3565,986,0.8703613281,0.4814453125,poly,
intro2,hardware,1,0,3565,966,0.8703613281,0.4716796875,poly,
intro2,ups,2,0,3208,944,0.783203125,0.4609375,text,ups
intro2,ups,2,0,3208,944,0.783203125,0.4609375,poly,
intro2,ups,2,0,3247,944,0.7927246094,0.4609375,poly,
intro2,ups,2,0,3247,970,0.7927246094,0.4736328125,poly,
intro2,ups,2,0,3208,970,0.783203125,0.4736328125,poly,
intro2,ups,2,0,3208,944,0.783203125,0.4609375,poly,
intro2,lamps,3,0,3590,1010,0.8764648438,0.4931640625,text,lamps
intro2,lamps,3,0,3590,1010,0.8764648438,0.4931640625,poly,
intro2,lamps,3,0,3627,1010,0.8854980469,0.4931640625,poly,
intro2,lamps,3,0,3627,1026,0.8854980469,0.5009765625,poly,
intro2,lamps,3,0,3590,1026,0.8764648438,0.5009765625,poly,
intro2,lamps,3,0,3590,1010,0.8764648438,0.4931640625,poly,
intro2,never,1,1,479,1062,0.1169433594,0.5185546875,text,never forget
intro2,never,1,1,479,1062,0.1169433594,0.5185546875,poly,
intro2,never,1,1,522,1062,0.1274414063,0.5185546875,poly,
intro2,never,1,1,522,1089,0.1274414063,0.5317382813,poly,
intro2,never,1,1,479,1089,0.1169433594,0.5317382813,poly,
intro2,never,1,1,479,1062,0.1169433594,0.5185546875,poly,
intro3,know,1,0,3357,1039,0.8195800781,0.5073242188,poly,
intro3,know,1,0,3456,1039,0.84375,0.5073242188,poly,
intro3,know,1,0,3456,1056,0.84375,0.515625,poly,
intro3,know,1,0,3357,1056,0.8195800781,0.515625,poly,
intro3,know,1,0,3357,1039,0.8195800781,0.5073242188,poly,
intro3,know,1,0,3357,1039,0.8195800781,0.5073242188,text,"If you don't know, now, now you know"